{
  "accuracy": 0.9,
  "precision_macro": 0.9023569023569024,
  "recall_macro": 0.9,
  "f1_score_macro": 0.899749373433584,
  "f1_score_weighted": 0.8997493734335841
}